IF OBJECT_ID(N'[__EFMigrationsHistory]') IS NULL
BEGIN
    CREATE TABLE [__EFMigrationsHistory] (
        [MigrationId] nvarchar(150) NOT NULL,
        [ProductVersion] nvarchar(32) NOT NULL,
        CONSTRAINT [PK___EFMigrationsHistory] PRIMARY KEY ([MigrationId])
    );
END;
GO

BEGIN TRANSACTION;
GO

CREATE TABLE [Personagens] (
    [Id] int NOT NULL IDENTITY,
    [Nome] nvarchar(max) NOT NULL,
    [PontosVida] int NOT NULL,
    [Forca] int NOT NULL,
    [Defesa] int NOT NULL,
    [Inteligencia] int NOT NULL,
    [Classe] int NOT NULL,
    CONSTRAINT [PK_Personagens] PRIMARY KEY ([Id])
);
GO

IF EXISTS (SELECT * FROM [sys].[identity_columns] WHERE [name] IN (N'Id', N'Classe', N'Defesa', N'Forca', N'Inteligencia', N'Nome', N'PontosVida') AND [object_id] = OBJECT_ID(N'[Personagens]'))
    SET IDENTITY_INSERT [Personagens] ON;
INSERT INTO [Personagens] ([Id], [Classe], [Defesa], [Forca], [Inteligencia], [Nome], [PontosVida])
VALUES (1, 1, 23, 17, 33, N'Frodo', 100),
(2, 1, 25, 15, 30, N'Sam', 100),
(3, 3, 21, 18, 35, N'Galadriel', 100),
(4, 2, 18, 18, 37, N'Gandalf', 100),
(5, 1, 17, 20, 31, N'Hobbit', 100),
(6, 3, 13, 21, 34, N'Celeborn', 100),
(7, 2, 11, 25, 35, N'Radagast', 100);
IF EXISTS (SELECT * FROM [sys].[identity_columns] WHERE [name] IN (N'Id', N'Classe', N'Defesa', N'Forca', N'Inteligencia', N'Nome', N'PontosVida') AND [object_id] = OBJECT_ID(N'[Personagens]'))
    SET IDENTITY_INSERT [Personagens] OFF;
GO

INSERT INTO [__EFMigrationsHistory] ([MigrationId], [ProductVersion])
VALUES (N'20230319171024_InitialCreate', N'7.0.4');
GO

COMMIT;
GO

BEGIN TRANSACTION;
GO

DECLARE @var0 sysname;
SELECT @var0 = [d].[name]
FROM [sys].[default_constraints] [d]
INNER JOIN [sys].[columns] [c] ON [d].[parent_column_id] = [c].[column_id] AND [d].[parent_object_id] = [c].[object_id]
WHERE ([d].[parent_object_id] = OBJECT_ID(N'[Personagens]') AND [c].[name] = N'Nome');
IF @var0 IS NOT NULL EXEC(N'ALTER TABLE [Personagens] DROP CONSTRAINT [' + @var0 + '];');
ALTER TABLE [Personagens] ALTER COLUMN [Nome] nvarchar(max) NULL;
GO

CREATE TABLE [Armas] (
    [Id] int NOT NULL IDENTITY,
    [Nome] nvarchar(max) NULL,
    [Dano] int NOT NULL,
    CONSTRAINT [PK_Armas] PRIMARY KEY ([Id])
);
GO

IF EXISTS (SELECT * FROM [sys].[identity_columns] WHERE [name] IN (N'Id', N'Dano', N'Nome') AND [object_id] = OBJECT_ID(N'[Armas]'))
    SET IDENTITY_INSERT [Armas] ON;
INSERT INTO [Armas] ([Id], [Dano], [Nome])
VALUES (1, 62, N'Bazuca'),
(2, 3000, N'Bomba nuclear'),
(3, 16, N'Pistola'),
(4, 24, N'Rifle'),
(5, 54, N'Sniper'),
(6, 10, N'Faca'),
(7, 50, N'Granada');
IF EXISTS (SELECT * FROM [sys].[identity_columns] WHERE [name] IN (N'Id', N'Dano', N'Nome') AND [object_id] = OBJECT_ID(N'[Armas]'))
    SET IDENTITY_INSERT [Armas] OFF;
GO

INSERT INTO [__EFMigrationsHistory] ([MigrationId], [ProductVersion])
VALUES (N'20230405004221_MigracaoArmas', N'7.0.4');
GO

COMMIT;
GO

BEGIN TRANSACTION;
GO

ALTER TABLE [Personagens] ADD [FotoPersonagem] varbinary(max) NULL;
GO

ALTER TABLE [Personagens] ADD [UsuarioId] int NULL;
GO

CREATE TABLE [Usuarios] (
    [Id] int NOT NULL IDENTITY,
    [Username] nvarchar(max) NULL,
    [PasswordHash] varbinary(max) NULL,
    [PasswordSalt] varbinary(max) NULL,
    [Foto] varbinary(max) NULL,
    [Latitude] float NULL,
    [Longitude] float NULL,
    [DataAcesso] datetime2 NULL,
    [Perfil] nvarchar(max) NULL DEFAULT N'Jogador',
    [Email] nvarchar(max) NULL,
    CONSTRAINT [PK_Usuarios] PRIMARY KEY ([Id])
);
GO

UPDATE [Personagens] SET [FotoPersonagem] = NULL, [UsuarioId] = NULL
WHERE [Id] = 1;
SELECT @@ROWCOUNT;

GO

UPDATE [Personagens] SET [FotoPersonagem] = NULL, [UsuarioId] = NULL
WHERE [Id] = 2;
SELECT @@ROWCOUNT;

GO

UPDATE [Personagens] SET [FotoPersonagem] = NULL, [UsuarioId] = NULL
WHERE [Id] = 3;
SELECT @@ROWCOUNT;

GO

UPDATE [Personagens] SET [FotoPersonagem] = NULL, [UsuarioId] = NULL
WHERE [Id] = 4;
SELECT @@ROWCOUNT;

GO

UPDATE [Personagens] SET [FotoPersonagem] = NULL, [UsuarioId] = NULL
WHERE [Id] = 5;
SELECT @@ROWCOUNT;

GO

UPDATE [Personagens] SET [FotoPersonagem] = NULL, [UsuarioId] = NULL
WHERE [Id] = 6;
SELECT @@ROWCOUNT;

GO

UPDATE [Personagens] SET [FotoPersonagem] = NULL, [UsuarioId] = NULL
WHERE [Id] = 7;
SELECT @@ROWCOUNT;

GO

IF EXISTS (SELECT * FROM [sys].[identity_columns] WHERE [name] IN (N'Id', N'DataAcesso', N'Email', N'Foto', N'Latitude', N'Longitude', N'PasswordHash', N'PasswordSalt', N'Perfil', N'Username') AND [object_id] = OBJECT_ID(N'[Usuarios]'))
    SET IDENTITY_INSERT [Usuarios] ON;
INSERT INTO [Usuarios] ([Id], [DataAcesso], [Email], [Foto], [Latitude], [Longitude], [PasswordHash], [PasswordSalt], [Perfil], [Username])
VALUES (1, NULL, N'seuEmail@gmail.com', NULL, -23.520024100000001E0, -46.596497999999997E0, 0xF6150EA13AB10DF9673378084EF610728815B56D8B53744FAFA9BA6734EBB358D50CA44AD02F59AB06B0A4A8BCB0A5714CF0290601735B23FF95365AC38A79B4, 0x8AB918951E24AD332417875FFE9100B0708A7DA09CE5EE7B531893BBDE776103B5ACC5852DBF8258C5DFB837CE1E4B38DB3FAA6DB0DCCE19C72F777A52E9AE47672F74BCF7D4D10FED017645DAE1D67EB33E212CCD273E6CFBC5ADD4D7A4758A7C6AC2D6BAF57153188D5DE235C8F6A0EED922B421F506D1D8DA214F4556BAD2, N'Admin', N'UsuarioAdmin');
IF EXISTS (SELECT * FROM [sys].[identity_columns] WHERE [name] IN (N'Id', N'DataAcesso', N'Email', N'Foto', N'Latitude', N'Longitude', N'PasswordHash', N'PasswordSalt', N'Perfil', N'Username') AND [object_id] = OBJECT_ID(N'[Usuarios]'))
    SET IDENTITY_INSERT [Usuarios] OFF;
GO

CREATE INDEX [IX_Personagens_UsuarioId] ON [Personagens] ([UsuarioId]);
GO

ALTER TABLE [Personagens] ADD CONSTRAINT [FK_Personagens_Usuarios_UsuarioId] FOREIGN KEY ([UsuarioId]) REFERENCES [Usuarios] ([Id]);
GO

INSERT INTO [__EFMigrationsHistory] ([MigrationId], [ProductVersion])
VALUES (N'20230419001621_MigracaoUsuario', N'7.0.4');
GO

COMMIT;
GO

BEGIN TRANSACTION;
GO

ALTER TABLE [Armas] ADD [PersonagemId] int NOT NULL DEFAULT 0;
GO

UPDATE [Armas] SET [PersonagemId] = 1
WHERE [Id] = 1;
SELECT @@ROWCOUNT;

GO

UPDATE [Armas] SET [PersonagemId] = 2
WHERE [Id] = 2;
SELECT @@ROWCOUNT;

GO

UPDATE [Armas] SET [PersonagemId] = 3
WHERE [Id] = 3;
SELECT @@ROWCOUNT;

GO

UPDATE [Armas] SET [PersonagemId] = 4
WHERE [Id] = 4;
SELECT @@ROWCOUNT;

GO

UPDATE [Armas] SET [PersonagemId] = 5
WHERE [Id] = 5;
SELECT @@ROWCOUNT;

GO

UPDATE [Armas] SET [PersonagemId] = 6
WHERE [Id] = 6;
SELECT @@ROWCOUNT;

GO

UPDATE [Armas] SET [PersonagemId] = 7
WHERE [Id] = 7;
SELECT @@ROWCOUNT;

GO

UPDATE [Usuarios] SET [PasswordHash] = 0xED1465EC1494F7813464219281B7A768F52075A6EBB4C36D262E66A848ED010C48549AB6DD2986644CE00457161E9EE90690E662569F4168067DB8688DBD6E81, [PasswordSalt] = 0x0BCAC04BDF580B2372F2F4E1E1DEBF228F0FF7E629CE1E1FDECDA37A7AD59DC39166306F237C8F086BA784956B9375F91382425D0274C556311E4AD1B7F5E36400E8573CF0C633625437CC4945EF49E9115DC0585FAB77346C43B704E620CAE06CE4EE300354A9923FFDE6308726157A6DD027244B4271A6E499FE578E43A794
WHERE [Id] = 1;
SELECT @@ROWCOUNT;

GO

CREATE UNIQUE INDEX [IX_Armas_PersonagemId] ON [Armas] ([PersonagemId]);
GO

ALTER TABLE [Armas] ADD CONSTRAINT [FK_Armas_Personagens_PersonagemId] FOREIGN KEY ([PersonagemId]) REFERENCES [Personagens] ([Id]) ON DELETE CASCADE;
GO

INSERT INTO [__EFMigrationsHistory] ([MigrationId], [ProductVersion])
VALUES (N'20230419004505_MigracaoUmParaUm', N'7.0.4');
GO

COMMIT;
GO

BEGIN TRANSACTION;
GO

ALTER TABLE [Personagens] ADD [Derrotas] int NOT NULL DEFAULT 0;
GO

ALTER TABLE [Personagens] ADD [Disputas] int NOT NULL DEFAULT 0;
GO

ALTER TABLE [Personagens] ADD [Vitorias] int NOT NULL DEFAULT 0;
GO

CREATE TABLE [Habilidades] (
    [Id] int NOT NULL IDENTITY,
    [Nome] nvarchar(max) NULL,
    [Dano] int NOT NULL,
    CONSTRAINT [PK_Habilidades] PRIMARY KEY ([Id])
);
GO

CREATE TABLE [PersonagemHabilidades] (
    [PersonagemId] int NOT NULL,
    [HabilidadeId] int NOT NULL,
    CONSTRAINT [PK_PersonagemHabilidades] PRIMARY KEY ([PersonagemId], [HabilidadeId]),
    CONSTRAINT [FK_PersonagemHabilidades_Habilidades_HabilidadeId] FOREIGN KEY ([HabilidadeId]) REFERENCES [Habilidades] ([Id]) ON DELETE CASCADE,
    CONSTRAINT [FK_PersonagemHabilidades_Personagens_PersonagemId] FOREIGN KEY ([PersonagemId]) REFERENCES [Personagens] ([Id]) ON DELETE CASCADE
);
GO

IF EXISTS (SELECT * FROM [sys].[identity_columns] WHERE [name] IN (N'Id', N'Dano', N'Nome') AND [object_id] = OBJECT_ID(N'[Habilidades]'))
    SET IDENTITY_INSERT [Habilidades] ON;
INSERT INTO [Habilidades] ([Id], [Dano], [Nome])
VALUES (1, 10, N'Ilusão'),
(2, 39, N'Desintegrar'),
(3, 24, N'Eletreficar'),
(4, 24, N'Furacão'),
(5, 54, N'Velocidade Super Sonica');
IF EXISTS (SELECT * FROM [sys].[identity_columns] WHERE [name] IN (N'Id', N'Dano', N'Nome') AND [object_id] = OBJECT_ID(N'[Habilidades]'))
    SET IDENTITY_INSERT [Habilidades] OFF;
GO

UPDATE [Personagens] SET [Derrotas] = 0, [Disputas] = 0, [Vitorias] = 0
WHERE [Id] = 1;
SELECT @@ROWCOUNT;

GO

UPDATE [Personagens] SET [Derrotas] = 0, [Disputas] = 0, [Vitorias] = 0
WHERE [Id] = 2;
SELECT @@ROWCOUNT;

GO

UPDATE [Personagens] SET [Derrotas] = 0, [Disputas] = 0, [Vitorias] = 0
WHERE [Id] = 3;
SELECT @@ROWCOUNT;

GO

UPDATE [Personagens] SET [Derrotas] = 0, [Disputas] = 0, [Vitorias] = 0
WHERE [Id] = 4;
SELECT @@ROWCOUNT;

GO

UPDATE [Personagens] SET [Derrotas] = 0, [Disputas] = 0, [Vitorias] = 0
WHERE [Id] = 5;
SELECT @@ROWCOUNT;

GO

UPDATE [Personagens] SET [Derrotas] = 0, [Disputas] = 0, [Vitorias] = 0
WHERE [Id] = 6;
SELECT @@ROWCOUNT;

GO

UPDATE [Personagens] SET [Derrotas] = 0, [Disputas] = 0, [Vitorias] = 0
WHERE [Id] = 7;
SELECT @@ROWCOUNT;

GO

UPDATE [Usuarios] SET [PasswordHash] = 0x77D51A2CFDD84D4AD0520EAD61791FF101633C496B6EA9E4E8989C4DB7ABAA849B5872091FED49DACBBD753ADCF8891F2904D161EE08F1FD2E6C204775F8E858, [PasswordSalt] = 0x70198940BE7F8ADAD06B743681C6D0595C9985566192B5CD909660E16ACBD72AEFCB571EC1C775160B22116D17F0187749076BA8DE2D42D31CC7FE534568ECDEF5750983C16411FD55508224D5607BE46264B214DE822A839A0A2EE48A1AA93ED7FF7A8EF2EF5385BCA5E2F009F0B1D23B20CF724B4CF21624DA55960800A2BB
WHERE [Id] = 1;
SELECT @@ROWCOUNT;

GO

IF EXISTS (SELECT * FROM [sys].[identity_columns] WHERE [name] IN (N'HabilidadeId', N'PersonagemId') AND [object_id] = OBJECT_ID(N'[PersonagemHabilidades]'))
    SET IDENTITY_INSERT [PersonagemHabilidades] ON;
INSERT INTO [PersonagemHabilidades] ([HabilidadeId], [PersonagemId])
VALUES (1, 1),
(2, 1),
(5, 2),
(2, 3),
(3, 3),
(4, 4),
(1, 5),
(2, 6),
(3, 7);
IF EXISTS (SELECT * FROM [sys].[identity_columns] WHERE [name] IN (N'HabilidadeId', N'PersonagemId') AND [object_id] = OBJECT_ID(N'[PersonagemHabilidades]'))
    SET IDENTITY_INSERT [PersonagemHabilidades] OFF;
GO

CREATE INDEX [IX_PersonagemHabilidades_HabilidadeId] ON [PersonagemHabilidades] ([HabilidadeId]);
GO

INSERT INTO [__EFMigrationsHistory] ([MigrationId], [ProductVersion])
VALUES (N'20230419013920_MigracaoMuitosParaMuitos', N'7.0.4');
GO

CREATE TABLE [dbo].[TB_Disputas](
	[Id] [int] IDENTITY(1,1) NOT NULL constraint PK_Disputas primary key,
	[Dt_Disputa] [datetime2](7) NULL,
	[AtacanteId] [int] NOT NULL,
	[OponenteId] [int] NOT NULL,
	[Tx_Narracao] [nvarchar](max) NULL)

go
INSERT INTO TB_Disputas VALUES 
(getdate(), 3, 6, 'Galadriel atacou Celeborn usando Machado com o dano 48.'),
(getdate(), 7, 2, 'Atacante: Radagast. Oponente: Sam.  Pontos de vida do atacante: 100.  Pontos de vida do oponente: 66.  Arma Utilizada: Cajado.  Dano: 9.'),
(getdate(), 5, 4, 'Atacante: Hobbit. Oponente: Gandalf.  Pontos de vida do atacante: 100.  Pontos de vida do oponente: 52.  Habilidade Utilizada: Adormecer.  Dano: 48.')

COMMIT;
GO
